Sala;Consumo (kw);Custo Kwh (R$);Custo da troca das lampadas (r$);Consumo com LED (kw);Custo Kwh (R$)
1;25.6;10.096639999999999;223.79999999999998;14.399999999999999;5.67936
2;9.0;3.5496000000000008;86.89999999999999;4.5;1.7748000000000004
3;9.0;3.5496000000000008;86.89999999999999;4.5;1.7748000000000004
4;7.68;3.0289920000000006;89.52;4.32;1.7038080000000002
