Sala;Consumo (kw);Custo Kwh (R$);Custo da troca das lampadas (r$);Consumo com LED (kw);Custo Kwh (R$)
1;8.0;3.1552;223.79999999999998;3.5999999999999996;1.41984
2;4.0;1.5776;86.89999999999999;1.7999999999999998;0.70992
